-- ═══════════════════════════════════════════════════════════
-- SETTING VERSION
-- ═══════════════════════════════════════════════════════════
INSERT INTO public.setting_versions (effective_from, config) VALUES (
  '2026-04-01',
  '{
    "operator_name": "DRT Pilot Operater",
    "operator_contact": "031/000-000",
    "dispatch_center_name": "Dispečerski centar DRT Užice",
    "dispatch_center_phone": "031/111-111",
    "booking_cutoff_hour": 15,
    "service_hours_start": "07:00",
    "service_hours_end": "19:00",
    "tariff_T1_rsd_per_km": 80,
    "tariff_T1_label": "Standardna tarifa",
    "tariff_T2_rsd_per_km": 55,
    "tariff_T2_label": "Snižena tarifa",
    "tariff_T3_rsd_per_km": 35,
    "tariff_T3_label": "Socijalna tarifa",
    "tariff_default": "T1",
    "overdue_pickup_threshold_min": 25,
    "no_show_alert_threshold": 3,
    "no_show_alert_days": 30,
    "whatsapp_enabled": false,
    "daily_report_email": "dispecer@uzice.rs",
    "daily_report_hour_utc": 19,
    "satisfaction_survey_enabled": true,
    "satisfaction_survey_delay_hours": 24,
    "urbact_target_trips_month": 200,
    "urbact_target_users_month": 50,
    "urbact_target_wait_min": 20,
    "urbact_target_cancel_pct": 5.0,
    "urbact_target_satisfaction": 4.0,
    "pilot_start_date": "2026-04-01"
  }'::jsonb
);

-- ═══════════════════════════════════════════════════════════
-- STOPS
-- ═══════════════════════════════════════════════════════════
INSERT INTO public.stops
  (id, name_sr, name_en, settlement, lat, lng, stop_type, gradient_warning, gradient_pct)
VALUES
  ('11111111-0001-0001-0001-000000000001',
   'Kaćer – Centar Naselja', 'Kacer – Village Center',
   'kacer', 43.823400, 19.875600, 'micro_terminal', false, null),

  ('11111111-0001-0001-0001-000000000002',
   'Kaćer – Zdravstvena ambulanta', 'Kacer – Health Clinic',
   'kacer', 43.824100, 19.874800, 'health_center', false, null),

  ('11111111-0001-0001-0001-000000000003',
   'Kaćer – Škola', 'Kacer – School',
   'kacer', 43.822800, 19.876200, 'school', true, 18),

  ('11111111-0001-0001-0001-000000000004',
   'Tara – Mitrovac', 'Tara – Mitrovac',
   'tara', 43.923400, 19.745600, 'micro_terminal', false, null),

  ('11111111-0001-0001-0001-000000000005',
   'Tara – Zavojsko Jezero', 'Tara – Zavojsko Lake',
   'tara', 43.901200, 19.723400, 'micro_terminal', false, null),

  ('11111111-0001-0001-0001-000000000006',
   'Tara – Šljivovica', 'Tara – Sljivovica',
   'tara', 43.912300, 19.734500, 'other', true, 20),

  ('11111111-0001-0001-0001-000000000007',
   'Užice – Autobusna Stanica', 'Uzice – Bus Station',
   'uzice_center', 43.855300, 19.845100, 'bus_connection', false, null),

  ('11111111-0001-0001-0001-000000000008',
   'Užice – Dom Zdravlja', 'Uzice – Health Center',
   'uzice_center', 43.856700, 19.842300, 'health_center', false, null),

  ('11111111-0001-0001-0001-000000000009',
   'Užice – Tržni Centar Zlatibor', 'Uzice – Zlatibor Shopping Center',
   'uzice_center', 43.853400, 19.847800, 'market', false, null);

-- ═══════════════════════════════════════════════════════════
-- STOP DISTANCES
-- ═══════════════════════════════════════════════════════════
INSERT INTO public.stop_distances
  (from_stop_id, to_stop_id, distance_km, duration_min, source)
VALUES
  ('11111111-0001-0001-0001-000000000001','11111111-0001-0001-0001-000000000008', 18.5, 28, 'manual'),
  ('11111111-0001-0001-0001-000000000008','11111111-0001-0001-0001-000000000001', 19.2, 31, 'manual'),
  ('11111111-0001-0001-0001-000000000001','11111111-0001-0001-0001-000000000007', 19.0, 30, 'manual'),
  ('11111111-0001-0001-0001-000000000007','11111111-0001-0001-0001-000000000001', 19.7, 33, 'manual'),
  ('11111111-0001-0001-0001-000000000001','11111111-0001-0001-0001-000000000009', 18.8, 29, 'manual'),
  ('11111111-0001-0001-0001-000000000009','11111111-0001-0001-0001-000000000001', 19.5, 32, 'manual'),
  ('11111111-0001-0001-0001-000000000002','11111111-0001-0001-0001-000000000008', 17.9, 27, 'manual'),
  ('11111111-0001-0001-0001-000000000008','11111111-0001-0001-0001-000000000002', 18.6, 30, 'manual'),
  ('11111111-0001-0001-0001-000000000001','11111111-0001-0001-0001-000000000002', 1.2,  4,  'manual'),
  ('11111111-0001-0001-0001-000000000002','11111111-0001-0001-0001-000000000001', 1.2,  4,  'manual'),
  ('11111111-0001-0001-0001-000000000001','11111111-0001-0001-0001-000000000003', 0.8,  3,  'manual'),
  ('11111111-0001-0001-0001-000000000003','11111111-0001-0001-0001-000000000001', 0.8,  4,  'manual'),
  ('11111111-0001-0001-0001-000000000004','11111111-0001-0001-0001-000000000008', 42.0, 65, 'manual'),
  ('11111111-0001-0001-0001-000000000008','11111111-0001-0001-0001-000000000004', 43.0, 68, 'manual'),
  ('11111111-0001-0001-0001-000000000004','11111111-0001-0001-0001-000000000007', 42.5, 67, 'manual'),
  ('11111111-0001-0001-0001-000000000007','11111111-0001-0001-0001-000000000004', 43.5, 70, 'manual'),
  ('11111111-0001-0001-0001-000000000004','11111111-0001-0001-0001-000000000009', 42.2, 66, 'manual'),
  ('11111111-0001-0001-0001-000000000009','11111111-0001-0001-0001-000000000004', 43.2, 69, 'manual'),
  ('11111111-0001-0001-0001-000000000005','11111111-0001-0001-0001-000000000008', 38.0, 58, 'manual'),
  ('11111111-0001-0001-0001-000000000008','11111111-0001-0001-0001-000000000005', 39.0, 61, 'manual'),
  ('11111111-0001-0001-0001-000000000006','11111111-0001-0001-0001-000000000008', 40.0, 62, 'manual'),
  ('11111111-0001-0001-0001-000000000008','11111111-0001-0001-0001-000000000006', 41.0, 65, 'manual'),
  ('11111111-0001-0001-0001-000000000004','11111111-0001-0001-0001-000000000005', 6.5,  12, 'manual'),
  ('11111111-0001-0001-0001-000000000005','11111111-0001-0001-0001-000000000004', 6.5,  12, 'manual'),
  ('11111111-0001-0001-0001-000000000007','11111111-0001-0001-0001-000000000008', 0.6,  3,  'manual'),
  ('11111111-0001-0001-0001-000000000008','11111111-0001-0001-0001-000000000007', 0.6,  3,  'manual'),
  ('11111111-0001-0001-0001-000000000007','11111111-0001-0001-0001-000000000009', 0.4,  2,  'manual'),
  ('11111111-0001-0001-0001-000000000009','11111111-0001-0001-0001-000000000007', 0.4,  2,  'manual'),
  ('11111111-0001-0001-0001-000000000008','11111111-0001-0001-0001-000000000009', 0.5,  2,  'manual'),
  ('11111111-0001-0001-0001-000000000009','11111111-0001-0001-0001-000000000008', 0.5,  2,  'manual');

-- ═══════════════════════════════════════════════════════════
-- VEHICLES
-- ═══════════════════════════════════════════════════════════
INSERT INTO public.vehicles
  (id, plate_number, vehicle_type, capacity_passengers, has_wheelchair_access, has_child_seat)
VALUES
  ('22222222-0001-0001-0001-000000000001', 'BG 123-AB', 'sedan',     4, false, false),
  ('22222222-0001-0001-0001-000000000002', 'UE 456-CD', 'van',       7, false, false),
  ('22222222-0001-0001-0001-000000000003', 'UE 789-EF', 'minibus',   9, false, false),
  ('22222222-0001-0001-0001-000000000004', 'UE 321-GH', 'accessible',4, true,  false);

-- ═══════════════════════════════════════════════════════════
-- SERVICE DAYS (today + 7 dana)
-- ═══════════════════════════════════════════════════════════
INSERT INTO public.service_days (date)
SELECT generate_series(CURRENT_DATE, CURRENT_DATE + 7, '1 day'::interval)::date;

-- ═══════════════════════════════════════════════════════════
-- TEST PASSENGERS
-- ═══════════════════════════════════════════════════════════
INSERT INTO public.passengers
  (id, first_name, last_name, phone, settlement, category,
   needs_wheelchair, needs_driver_assist, high_priority_medical)
VALUES
  ('33333333-0001-0001-0001-000000000001',
   'Milica', 'Jovanović', '0641111111', 'kacer', 'elderly', false, false, false),
  ('33333333-0001-0001-0001-000000000002',
   'Dragoslav', 'Mitrović', '0642222222', 'tara', 'standard', false, true, false),
  ('33333333-0001-0001-0001-000000000003',
   'Vesna', 'Petrović', '0643333333', 'kacer', 'caregiver', false, false, true),
  ('33333333-0001-0001-0001-000000000004',
   'Zdravko', 'Simić', '0644444444', 'tara', 'elderly', true, false, false),
  ('33333333-0001-0001-0001-000000000005',
   'Ana', 'Đorđević', '0645555555', 'uzice_center', 'youth', false, false, false);
